{"cameraMode":{"drawMode":0,"name":"Shaded","section":"Shading Mode"},"sceneLighting":true,"audioPlay":false,"sceneViewState":{"showFog":true,"showMaterialUpdate":false,"showSkybox":false,"showFlares":true,"showImageEffects":true,"showParticleSystems":true},"in2DMode":false,"pivot":{"x":-0.329326868057251,"y":1.6928801536560059,"z":-0.8556936979293823},"rotation":{"x":-0.1746416687965393,"y":0.7856162190437317,"z":-0.2562620937824249,"w":-0.535394549369812},"size":1.9489891529083253,"orthographic":false}