{"cameraMode":{"drawMode":0,"name":"Shaded","section":"Shading Mode"},"sceneLighting":true,"audioPlay":false,"sceneViewState":{"showFog":true,"showMaterialUpdate":false,"showSkybox":false,"showFlares":true,"showImageEffects":true,"showParticleSystems":true},"in2DMode":false,"pivot":{"x":-0.7103679180145264,"y":3.4529638290405275,"z":-1.4465341567993165},"rotation":{"x":-0.49366849660873415,"y":0.39362233877182009,"z":-0.26687490940093996,"w":-0.728120744228363},"size":7.764614582061768,"orthographic":false}